,Dist1,Dist2,Pop,diff,num0,num1,num2
0,0.6281327087844596,0.9079694464765431,2.706849839399938,-1.0,0,0,10
3,0.5288134940893595,-0.5890005332865824,0.7401220570561068,-0.10000000000000003,3,3,4
4,-0.758872056210466,-0.9332372163009188,0.18869530944922425,-0.30000000000000004,1,5,4
6,0.6835088855389145,0.3026654485851825,2.60596727979128,-0.9,0,1,9
7,-1.7060859307350775,-1.1591194155484297,1.693722925204035,-0.9,0,1,9
